ImageId,EncodedPixels
00a9be085.jpg,463770 2 464538 6 465306 9 466073 14 466841 16 467609 16 468377 16 469144 16 469912 16 470680 16 471448 16 472215 16 472983 16 473753 14 474525 10 475296 6 476068 2
00a52cd2a.jpg,377223 1 377990 4 378758 5 379525 8 380292 10 381060 12 381827 14 382594 16 383361 19 384129 20 384896 23 385663 25 386431 27 387198 29 387965 32 388733 33 389500 36 390267 38 391035 39 391802 42 392569 44 393337 46 394104 48 394871 51 395638 53 396406 52 397173 53 397940 53 398708 52 399475 53 400242 53 401010 52 401777 52 402544 53 403312 52 404079 52 404846 53 405613 53 406381 52 407148 53 407915 53 408683 52 409450 53 410217 53 410985 52 411752 53 412519 53 413287 52 414054 52 414821 53 415588 53 416356 52 417123 53 417890 53 418658 52 419425 53 420192 53 420960 52 421727 53 422494 53 423262 52 424029 52 424796 53 425564 52 426331 52 427098 53 427865 53 428633 52 429400 53 430167 53 430935 52 431702 53 432469 53 433237 52 434004 52 434771 53 435539 52 436306 52 437073 53 437840 53 438608 52 439375 53 440142 53 440910 52 441677 53 442444 53 443212 52 443979 53 444746 53 445514 52 446281 52 447048 53 447816 52 448583 52 449350 53 450117 53 450885 52 451652 53 452419 53 453187 52 453954 53 454721 53 455489 52 456256 52 457023 53 457791 52 458558 52 459325 53 460092 53 460860 52 461627 53 462394 53 463162 52 463929 53 464696 53 465464 52 466231 53 466998 53 467766 52 468533 52 469300 53 470068 52 470835 52 471602 53 472369 53 473137 52 473904 53 474671 53 475439 52 476206 53 476973 53 477741 52 478508 52 479275 53 480043 52 480810 52 481577 53 482344 53 483112 52 483879 53 484646 53 485414 52 486181 53 486948 53 487716 52 488483 53 489250 53 490018 52 490785 52 491552 53 492319 53 493087 52 493854 53 494621 53 495389 52 496156 53 496923 53 497691 52 498458 53 499225 53 499993 52 500760 52 501527 53 502295 52 503062 52 503829 53 504596 53 505364 52 506131 53 506898 53 507666 52 508433 53 509202 51 509972 48 510741 46 511511 44 512280 42 513050 39 513819 38 514588 36 515358 33 516127 32 516897 29 517666 27 518436 25 519205 23 519975 20 520744 19 521514 16 522283 14 523052 12 523822 10 524591 8 525361 5 526130 4 526900 1
00b0fa633.jpg,367981 1 368747 4 369513 6 370280 8 371049 8 371817 9 372586 8 373355 8 374124 8 374892 9 375661 8 376430 8 377199 6 377967 4 378736 1
00ce2c1c0.jpg,216334 2 217100 4 217866 7 218632 9 219398 12 220164 14 220930 17 221696 19 222462 22 223228 24 223994 27 224760 29 225526 31 226294 32 227063 31 227831 32 228600 31 229368 32 230137 31 230905 32 231674 31 232442 31 233211 31 233979 31 234747 32 235516 31 236284 32 237053 31 237821 32 238590 31 239358 32 240127 31 240895 31 241664 31 242432 31 243201 31 243969 31 244737 32 245506 31 246274 32 247043 31 247811 32 248580 31 249348 31 250117 31 250885 31 251654 31 252422 31 253190 32 253959 31 254727 32 255496 31 256264 32 257033 31 257801 31 258570 31 259338 31 260107 31 260875 31 261644 31 262412 31 263180 32 263949 31 264717 31 265486 31 266254 31 267023 31 267791 31 268560 31 269328 31 270097 31 270865 31 271633 32 272402 31 273170 31 273939 31 274707 31 275476 31 276244 31 277013 31 277781 31 278550 31 279318 31 280087 31 280855 31 281623 31 282392 31 283160 31 283929 31 284697 31 285466 31 286234 31 287003 31 287771 31 288540 30 289308 31 290076 31 290845 31 291613 31 292382 31 293150 31 293919 31 294687 31 295456 31 296224 31 296993 30 297761 31 298529 31 299298 31 300066 31 300835 31 301603 31 302372 31 303140 31 303909 31 304677 31 305446 30 306214 31 306983 30 307751 31 308519 31 309288 31 310056 31 310825 31 311593 31 312362 30 313130 31 313899 30 314667 31 315436 30 316204 31 316972 31 317741 31 318509 31 319278 31 320046 31 320815 30 321583 31 322352 30 323120 31 323889 30 324657 31 325426 30 326194 31 326962 31 327731 31 328499 31 329268 30 330036 31 330805 30 331573 31 332342 30 333110 31 333879 30 334647 31 335415 31 336184 31 336952 31 337721 30 338489 31 339258 30 340026 31 340795 30 341563 31 342332 30 343100 31 343869 30 344637 30 345405 31 346174 30 346942 31 347711 30 348479 31 349248 30 350016 31 350785 30 351553 31 352322 30 353090 30 353858 31 354627 30 355395 31 356164 30 356932 31 357701 30 358469 31 359238 30 360006 31 360775 30 361543 30 362311 31 363080 30 363848 31 364617 30 365385 31 366154 30 366922 31 367691 30 368459 30 369228 30 369996 30 370765 30 371533 30 372301 31 373070 30 373838 31 374607 30 375375 31 376144 30 376912 30 377681 30 378449 30 379218 30 379986 30 380754 31 381523 30 382291 31 383060 30 383828 31 384597 30 385365 30 386134 30 386902 30 387671 30 388439 30 389208 30 389976 30 390744 31 391513 30 392281 31 393050 30 393818 30 394587 30 395355 30 396124 30 396892 30 397661 30 398429 30 399197 31 399966 30 400734 30 401503 30 402271 30 403040 30 403808 30 404577 30 405345 30 406114 30 406882 30 407651 30 408419 30 409187 28 409956 25 410724 23 411493 20 412261 18 413030 14 413798 12 414567 9 415335 7 416104 4 416872 2
00d0a646b.jpg,421681 7 422449 19 423217 31 423985 43 424753 50 425521 50 426288 51 427056 51 427824 51 428592 51 429360 50 430128 50 430896 50 431664 50 432432 50 433200 50 433967 51 434735 51 435503 51 436271 51 437039 50 437807 50 438575 50 439343 50 440111 50 440879 50 441646 51 442414 51 443182 51 443950 51 444718 50 445486 50 446254 50 447022 50 447790 50 448558 50 449326 50 450093 51 450861 51 451629 51 452397 50 453165 50 453933 50 454701 50 455469 50 456237 50 457005 50 457772 51 458540 51 459308 51 460076 50 460844 50 461612 50 462380 50 463148 50 463916 50 464684 50 465452 50 466219 51 466987 51 467755 51 468523 50 469291 50 470059 50 470827 50 471595 50 472363 50 473131 50 473898 51 474666 51 475434 51 476202 50 476970 50 477738 50 478506 50 479274 50 480042 50 480810 50 481577 51 482345 51 483113 51 483881 50 484649 50 485417 50 486185 50 486953 50 487721 50 488489 50 489257 50 490024 51 490792 51 491560 50 492328 50 493096 50 493864 50 494632 50 495400 50 496168 50 496936 50 497703 51 498471 51 499239 50 500007 50 500775 50 501543 50 502311 50 503079 50 503847 50 504615 50 505383 50 506150 51 506918 51 507686 50 508454 50 509222 50 509990 50 510758 50 511526 50 512294 50 513062 50 513829 51 514597 51 515365 50 516133 50 516901 50 517669 50 518437 50 519205 50 519973 50 520741 50 521508 51 522276 51 523044 50 523812 50 524580 50 525348 50 526116 50 526884 50 527652 50 528420 50 529188 50 529955 51 530723 50 531491 50 532259 50 533027 50 533795 50 534563 50 535331 50 536099 50 536867 50 537634 51 538402 50 539170 50 539938 50 540706 50 541474 50 542242 50 543010 50 543778 50 544546 50 545313 51 546081 50 546849 50 547617 50 548385 50 549153 50 549921 50 550689 50 551457 50 552225 50 552993 50 553760 51 554528 50 555296 50 556064 50 556832 50 557600 50 558368 50 559136 50 559904 50 560672 50 561439 51 562207 50 562975 50 563743 50 564511 50 565279 50 566047 50 566815 50 567583 50 568351 50 569119 50 569886 50 570654 50 571422 50 572190 50 572958 50 573726 50 574494 50 575262 50 576030 50 576798 50 577565 51 578333 50 579101 50 579869 50 580637 50 581405 50 582173 50 582941 50 583709 50 584477 50 585244 51 586012 50 586780 50 587548 50 588316 50 589084 50
00fd8e126.jpg,92737 2 93503 4 94269 7 95034 10 95800 13 96565 16 97331 19 98097 21 98862 24 99628 27 100393 30 101159 33 101925 35 102690 38 103456 41 104221 44 104987 47 105753 49 106518 53 107284 55 108049 58 108815 61 109581 63 110346 67 111112 69 111878 72 112643 75 113409 77 114174 81 114940 83 115706 86 116471 89 117237 91 118002 95 118768 97 119534 100 120299 103 121065 106 121830 109 122596 109 123362 109 124127 110 124893 109 125658 110 126424 109 127190 109 127955 110 128721 109 129486 110 130252 109 131018 109 131783 110 132549 109 133315 109 134080 109 134846 109 135611 110 136377 109 137143 109 137908 109 138674 109 139439 110 140205 109 140971 109 141736 110 142502 109 143267 110 144033 109 144799 109 145564 110 146330 109 147095 110 147861 109 148627 109 149392 110 150158 109 150924 109 151689 109 152455 109 153220 110 153986 109 154752 109 155517 109 156283 109 157048 110 157814 109 158580 109 159345 109 160111 109 160876 110 161642 109 162408 109 163173 110 163939 109 164704 110 165470 109 166236 109 167002 109 167770 106 168539 103 169307 100 170076 97 170844 95 171613 91 172381 89 173149 86 173918 83 174686 81 175455 77 176223 75 176991 72 177760 69 178528 67 179297 63 180065 61 180834 58 181602 55 182370 53 183139 49 183907 47 184676 44 185444 41 186213 38 186981 35 187749 33 188518 30 189286 27 190055 24 190823 21 191591 19 192360 16 193128 13 193897 10 194665 7 195434 4 196202 2
0a1a7f395.jpg,273463 1 274229 4 274996 5 275763 7 276529 10 277296 11 278062 14 278829 16 279596 17 280362 20 281129 22 281898 21 282666 22 283435 22 284204 22 284972 22 285741 22 286510 22 287278 22 288047 22 288816 22 289584 22 290353 22 291122 22 291890 22 292659 22 293428 22 294196 22 294965 22 295734 22 296502 22 297271 22 298040 22 298808 22 299577 22 300346 22 301115 21 301883 22 302652 22 303421 22 304189 22 304958 22 305727 22 306495 22 307264 22 308033 22 308801 22 309570 22 310339 22 311107 22 311876 22 312645 20 313413 18 314182 15 314951 13 315719 11 316488 8 317257 6 318025 4 318794 1
0a76d7f1d.jpg,276393 4 277161 12 277929 19 278697 27 279464 35 280232 42 281000 50 281768 54 282536 54 283304 54 284072 54 284839 54 285607 54 286375 54 287143 54 287911 54 288679 54 289447 54 290214 55 290982 54 291750 54 292518 54 293286 54 294054 54 294822 54 295589 55 296357 54 297125 54 297893 54 298661 54 299429 54 300197 54 300965 54 301732 54 302500 54 303268 54 304036 54 304804 54 305572 54 306340 54 307107 55 307875 54 308643 54 309411 54 310179 54 310947 54 311715 54 312482 55 313250 54 314018 54 314786 54 315554 54 316322 54 317090 54 317857 55 318625 54 319393 54 320161 54 320929 54 321697 54 322465 54 323232 55 324000 55 324768 54 325536 54 326304 54 327072 54 327840 54 328607 55 329375 55 330143 54 330911 54 331679 54 332447 54 333215 54 333982 55 334750 55 335518 54 336286 54 337054 54 337822 54 338590 54 339357 55 340125 55 340893 55 341661 54 342429 54 343197 54 343965 54 344733 54 345500 55 346268 55 347036 54 347804 54 348572 54 349340 54 350108 54 350875 55 351643 55 352411 54 353179 54 353947 54 354715 54 355483 54 356250 55 357018 55 357786 55 358554 54 359322 54 360090 54 360858 54 361625 55 362393 55 363161 55 363929 54 364697 54 365465 54 366233 54 367000 55 367768 55 368536 55 369304 54 370072 54 370840 54 371608 54 372375 55 373143 55 373911 55 374679 55 375447 54 376215 54 376983 54 377750 55 378518 55 379286 55 380054 55 380822 54 381590 54 382358 54 383126 54 383893 55 384661 55 385429 55 386197 54 386965 54 387733 54 388501 54 389268 55 390036 55 390804 55 391572 55 392340 54 393108 54 393876 54 394643 55 395411 55 396179 55 396947 55 397715 54 398483 54 399251 54 400018 55 400786 55 401554 55 402322 55 403090 54 403858 54 404626 54 405393 55 406161 55 406929 55 407697 55 408465 55 409233 54 410001 54 410768 55 411536 55 412304 55 413072 55 413840 55 414608 54 415376 54 416143 55 416911 55 417679 55 418447 55 419215 55 419983 54 420751 54 421518 55 422286 55 423054 55 423822 55 424590 55 425358 55 426126 54 426894 54 427661 55 428429 55 429197 55 429965 55 430733 55 431501 54 432269 54 433036 55 433804 55 434572 55 435340 55 436108 55 436876 54 437644 54 438411 55 439179 55 439947 55 440715 55 441483 55 442251 55 443019 54 443786 55 444554 55 445322 55 446090 55 446858 55 447626 55 448394 54 449161 55 449929 55 450697 55 451465 55 452233 55 453001 55 453769 54 454536 55 455304 55 456072 55 456840 55 457608 55 458376 55 459144 55 459911 55 460679 55 461447 55 462215 55 462983 55 463751 55 464519 55 465286 55 466054 55 466822 55 467590 55 468358 55 469126 55 469894 55 470662 54 471429 55 472197 55 472965 55 473733 55 474501 55 475269 55 476037 55 476804 55 477572 55 478340 55 479108 55 479876 55 480644 55 481412 55 482179 55 482947 55 483715 55 484483 55 485251 55 486019 55 486787 55 487554 55 488322 55 489090 55 489858 55 490630 51 491404 45 492179 38 492954 31 493728 24 494503 17 495278 10 496052 4
0a286fb15.jpg,145567 1 146334 3 147101 5 147868 7 148635 9 149402 11 150169 13 150936 15 151703 17 152470 19 153237 21 154004 23 154771 25 155538 27 156305 29 157072 31 157839 33 158606 33 159373 33 160140 33 160907 33 161674 33 162441 33 163208 33 163975 33 164742 33 165509 33 166276 33 167043 33 167810 33 168577 33 169344 33 170111 33 170878 33 171645 33 172412 33 173179 33 173946 33 174713 33 175480 33 176247 33 177014 33 177781 33 178548 33 179315 33 180082 33 180849 33 181616 33 182383 33 183150 33 183917 33 184684 33 185451 33 186218 33 186985 33 187752 33 188519 33 189286 33 190053 33 190820 33 191587 33 192354 33 193121 33 193888 33 194655 33 195422 33 196189 33 196956 33 197723 33 198490 33 199257 33 200024 33 200791 33 201558 33 202325 33 203092 33 203859 33 204626 33 205393 33 206160 33 206927 33 207694 33 208461 33 209228 33 209995 33 210762 33 211529 33 212296 33 213063 33 213830 33 214597 33 215364 33 216133 31 216902 29 217671 27 218440 25 219209 23 219978 21 220747 19 221516 17 222285 15 223054 13 223823 11 224592 9 225361 7 226130 5 226899 3 227668 1
0a863a4f8.jpg,295899 2 296665 5 297431 7 298197 10 298963 12 299729 15 300495 17 301261 20 302027 22 302793 25 303559 27 304325 30 305091 32 305857 35 306623 37 307389 40 308155 42 308921 45 309687 47 310453 50 311220 51 311989 51 312757 51 313526 51 314294 51 315063 51 315831 51 316600 51 317368 51 318137 51 318905 51 319674 51 320442 51 321211 51 321979 51 322748 51 323516 51 324285 51 325053 52 325822 51 326590 52 327359 51 328127 52 328896 51 329664 52 330433 51 331201 52 331970 51 332738 52 333507 51 334275 52 335044 51 335812 52 336581 51 337349 52 338118 51 338886 52 339655 51 340423 52 341192 51 341960 52 342729 51 343497 52 344266 51 345034 52 345803 51 346572 51 347340 51 348109 51 348877 51 349646 51 350414 51 351183 51 351951 51 352720 51 353488 52 354257 51 355025 52 355794 51 356562 52 357331 51 358099 52 358868 51 359636 52 360405 51 361173 52 361942 51 362710 52 363479 51 364247 52 365016 51 365784 52 366553 51 367321 52 368090 51 368858 52 369627 51 370395 52 371164 51 371932 52 372701 51 373469 52 374238 51 375006 52 375775 51 376543 52 377312 51 378080 52 378849 51 379617 52 380386 51 381155 51 381923 52 382692 51 383460 52 384229 51 384997 52 385766 51 386534 52 387303 51 388071 52 388840 51 389608 52 390377 51 391145 52 391914 51 392682 52 393451 51 394219 52 394988 51 395756 52 396525 51 397293 52 398062 51 398830 52 399599 51 400367 52 401136 51 401904 52 402673 51 403441 52 404210 51 404978 52 405747 51 406515 52 407284 51 408052 52 408821 51 409589 52 410358 52 411126 52 411895 52 412663 52 413432 52 414201 51 414969 52 415738 51 416506 52 417275 51 418043 52 418812 51 419580 52 420349 51 421117 52 421886 51 422654 52 423423 51 424191 52 424960 51 425728 52 426497 51 427265 52 428034 51 428802 52 429571 51 430339 52 431108 51 431876 52 432645 51 433413 52 434182 51 434950 52 435719 51 436487 52 437256 51 438024 52 438793 52 439561 52 440330 52 441098 52 441867 52 442635 52 443404 52 444172 52 444941 52 445709 52 446478 52 447246 52 448015 52 448784 51 449552 52 450321 51 451089 52 451858 51 452626 52 453395 51 454163 52 454932 51 455700 52 456469 51 457237 52 458006 51 458774 52 459543 51 460311 52 461080 51 461848 52 462617 51 463385 52 464154 51 464922 52 465691 51 466459 52 467228 50 467996 48 468765 45 469533 43 470302 40 471070 38 471839 35 472607 33 473376 30 474144 28 474913 25 475681 24 476450 21 477218 19 477987 16 478755 14 479524 11 480292 9 481061 6 481829 4 482598 1
0a99243c0.jpg,224981 2 225749 5 226516 8 227284 11 228052 14 228819 17 229587 20 230355 23 231122 26 231890 29 232658 32 233425 35 234193 38 234960 42 235728 44 236496 47 237263 50 238031 50 238799 50 239566 51 240334 50 241102 50 241869 51 242637 50 243405 50 244172 51 244940 50 245708 50 246475 51 247243 50 248011 50 248778 50 249546 50 250314 50 251081 50 251849 50 252616 51 253384 50 254152 50 254919 51 255687 50 256455 50 257222 51 257990 50 258758 50 259525 51 260293 50 261061 50 261828 51 262596 50 263364 50 264131 51 264899 50 265667 50 266434 50 267202 50 267970 50 268737 50 269505 50 270272 51 271040 50 271808 50 272575 51 273343 50 274111 50 274878 51 275646 50 276414 50 277181 51 277949 50 278717 50 279484 51 280252 50 281020 50 281787 51 282555 50 283323 50 284090 50 284858 50 285626 50 286393 50 287161 50 287928 51 288696 50 289464 50 290233 49 291001 48 291768 49 292536 49 293304 48 294071 49 294839 49 295607 48 296374 49 297142 49 297909 49 298677 49 299445 49 300212 49 300980 49 301748 48 302515 49 303283 49 304051 48 304818 49 305586 49 306354 48 307121 49 307889 49 308657 48 309424 49 310192 49 310959 49 311727 49 312495 49 313262 49 314030 49 314798 49 315565 49 316333 49 317101 49 317868 49 318636 49 319404 48 320171 49 320939 49 321707 48 322474 49 323242 49 324009 49 324777 49 325545 49 326312 49 327080 49 327848 49 328615 49 329383 49 330151 49 330918 49 331686 49 332454 49 333221 49 333989 49 334756 50 335524 49 336292 49 337059 49 337827 49 338595 49 339362 49 340130 49 340898 49 341665 49 342433 49 343201 49 343968 49 344736 49 345504 49 346271 49 347039 49 347806 50 348574 49 349342 49 350109 50 350877 49 351645 49 352412 50 353180 49 353947 50 354714 50 355482 50 356250 50 357017 50 357785 50 358553 50 359320 50 360088 50 360855 51 361623 50 362391 50 363158 51 363926 50 364694 50 365461 51 366229 50 366997 50 367764 51 368532 50 369300 50 370067 51 370835 50 371603 50 372370 50 373138 50 373906 50 374673 50 375441 50 376209 50 376976 50 377744 50 378511 51 379279 50 380047 50 380814 51 381582 50 382350 50 383117 51 383885 50 384653 50 385420 51 386188 50 386956 50 387723 51 388491 50 389259 50 390026 50 390794 50 391562 50 392329 50 393097 50 393865 50 394632 50 395400 50 396167 51 396935 50 397703 50 398470 51 399238 50 400006 50 400773 51 401541 50 402309 50 403076 51 403844 50 404612 50 405379 51 406147 50 406915 50 407682 50 408450 50 409218 50 409985 50 410753 50 411521 50 412288 50 413056 50 413823 51 414591 50 415359 50 416126 51 416894 50 417662 50 418429 51 419197 50 419965 50 420732 51 421500 50 422270 48 423041 45 423812 41 424583 38 425354 34 426125 31 426896 28 427667 24 428437 22 429208 19 429979 15 430750 12 431521 9 432292 5 433063 2
0aea263bb.jpg,275322 12 276068 34 276814 56 277571 67 278339 67 279107 67 279875 67 280643 67 281411 67 282179 67 282947 67 283715 68 284483 68 285252 67 286020 67 286788 67 287556 67 288324 59 289092 59 289860 59 290628 59 291396 50 292164 17
0aef21703.jpg,165048 1 165815 3 166583 5 167350 7 168117 9 168884 11 169652 13 170419 15 171186 17 171955 15 172724 14 173494 11 174263 9 175032 7 175801 6 176571 3 177340 1
0af984fcd.jpg,340403 1 341170 4 341938 5 342705 8 343472 11 344240 12 345007 15 345774 17 346542 16 347309 17 348076 17 348844 16 349611 17 350378 17 351146 17 351913 17 352680 17 353448 17 354215 17 354983 16 355750 17 356517 17 357285 16 358052 17 358819 17 359587 17 360354 17 361121 17 361889 17 362656 17 363423 17 364191 17 364958 17 365725 18 366493 17 367260 17 368027 18 368795 17 369562 17 370329 18 371097 17 371864 17 372631 18 373399 17 374166 18 374933 18 375701 17 376468 18 377235 18 378003 17 378770 18 379538 17 380305 17 381072 18 381840 17 382607 18 383374 18 384142 17 384909 18 385677 17 386444 17 387211 18 387979 17 388746 18 389513 18 390281 17 391048 18 391816 17 392583 17 393350 18 394117 18 394886 16 395656 14 396425 12 397195 10 397964 8 398734 5 399503 4 400273 1
0b3bd7f70.jpg,392046 3 392809 8 393572 13 394334 20 395097 25 395860 30 396623 35 397386 40 398149 46 398912 51 399674 57 400437 62 401200 67 401963 73 402726 78 403489 83 404251 89 405014 94 405777 99 406540 105 407303 110 408066 115 408829 120 409591 126 410354 132 411117 137 411880 142 412643 147 413406 152 414169 158 414931 164 415694 169 416457 171 417222 169 417990 164 418758 158 419526 153 420295 147 421063 142 421831 137 422599 131 423367 126 424135 121 424904 115 425672 110 426440 105 427208 99 427976 94 428744 89 429513 83 430281 78 431049 72 431817 67 432585 62 433353 57 434122 51 434890 46 435658 40 436426 35 437194 30 437962 25 438731 19 439499 13 440267 8 441035 3
0b9cd30d3.jpg,408764 2 409530 4 410296 7 411061 10 411827 13 412593 15 413359 18 414125 20 414893 18 415662 15 416430 13 417199 9 417967 7 418736 4 419504 2
0b99f5d14.jpg,176415 4 177183 12 177951 20 178719 28 179486 37 180254 45 181022 53 181790 61 182558 69 183326 77 184093 86 184861 94 185629 102 186397 110 187165 118 187933 122 188700 123 189468 123 190236 123 191008 118 191784 110 192559 103 193335 95 194110 88 194885 81 195661 72 196436 65 197212 57 197987 50 198763 42 199538 35 200313 27 201089 19 201864 12 202640 4
0b969f553.jpg,444962 1 445729 4 446497 6 447264 9 448032 11 448799 13 449567 15 450334 18 451101 21 451869 23 452636 26 453404 27 454171 30 454939 32 455706 35 456474 37 457241 39 458008 42 458776 44 459543 47 460311 49 461078 52 461846 53 462613 56 463380 59 464148 61 464915 64 465683 65 466450 68 467218 70 467985 73 468754 74 469524 74 470294 73 471064 73 471834 73 472604 73 473373 74 474143 73 474913 73 475683 73 476453 73 477223 73 477992 73 478762 73 479532 73 480302 73 481072 73 481842 73 482611 73 483381 73 484151 73 484921 73 485691 73 486460 73 487230 73 488000 73 488770 73 489540 73 490310 73 491079 73 491849 73 492619 73 493389 73 494159 73 494929 72 495698 73 496468 73 497238 73 498008 73 498778 73 499548 72 500317 73 501087 73 501857 73 502627 73 503397 72 504167 69 504936 68 505706 65 506476 63 507246 60 508016 58 508786 55 509555 54 510325 51 511095 49 511865 46 512635 44 513404 42 514174 40 514944 37 515714 34 516484 32 517254 29 518023 28 518793 25 519563 23 520333 20 521103 18 521873 15 522642 14 523412 11 524182 9 524952 6 525722 4 526492 1
0b7305a8c.jpg,309229 4 309997 10 310765 16 311533 23 312300 30 313068 36 313836 43 314604 49 315372 55 316140 59 316907 60 317675 60 318443 60 319211 59 319979 59 320747 59 321514 60 322282 60 323050 60 323818 59 324586 59 325354 59 326121 60 326889 60 327657 60 328425 59 329193 59 329961 59 330728 60 331496 60 332264 60 333032 59 333800 59 334568 59 335335 60 336103 60 336871 60 337639 59 338407 59 339175 59 339942 60 340710 60 341478 60 342246 59 343014 59 343782 59 344549 60 345317 60 346085 60 346853 59 347621 59 348389 59 349156 60 349924 60 350692 60 351460 59 352228 59 352996 59 353763 60 354531 60 355299 60 356067 59 356835 59 357603 59 358370 60 359138 60 359906 60 360674 59 361442 59 362210 59 362977 60 363745 60 364513 60 365281 59 366049 59 366817 59 367584 60 368352 60 369120 60 369888 59 370656 59 371424 59 372191 60 372959 60 373727 60 374495 59 375263 59 376031 59 376798 60 377566 60 378334 60 379102 59 379870 59 380638 59 381405 60 382173 60 382941 60 383709 59 384477 59 385245 59 386012 60 386780 60 387548 60 388316 59 389084 59 389852 59 390619 60 391387 60 392155 60 392923 59 393691 59 394459 59 395226 60 395994 60 396762 60 397530 59 398298 59 399066 59 399833 60 400601 60 401369 60 402137 59 402905 59 403673 59 404440 60 405208 60 405976 60 406744 59 407512 59 408280 59 409047 60 409815 60 410583 60 411351 59 412119 59 412887 59 413654 60 414422 60 415190 60 415958 59 416726 59 417494 59 418261 60 419029 60 419797 60 420565 59 421333 59 422101 59 422868 60 423636 60 424404 60 425172 59 425940 59 426708 59 427475 60 428243 60 429011 60 429779 59 430547 59 431315 59 432082 60 432850 60 433618 60 434386 59 435154 59 435922 59 436689 60 437457 60 438225 60 438993 59 439761 59 440529 59 441296 60 442064 60 442832 60 443600 59 444368 59 445136 59 445903 60 446671 60 447439 60 448207 59 448975 59 449743 59 450510 60 451278 60 452046 60 452814 59 453582 59 454350 59 455117 60 455885 60 456653 60 457421 59 458189 59 458957 59 459724 60 460492 60 461260 60 462028 59 462796 59 463564 59 464331 60 465099 60 465867 60 466635 59 467403 59 468171 59 468938 60 469706 60 470474 60 471242 59 472010 59 472778 59 473545 60 474313 60 475081 60 475849 59 476617 59 477385 59 478152 60 478920 60 479688 60 480456 59 481224 59 481992 59 482759 60 483527 60 484295 60 485063 59 485831 59 486599 59 487366 60 488134 60 488902 60 489670 59 490438 59 491206 59 491973 60 492741 60 493509 60 494277 59 495045 59 495813 59 496580 60 497348 60 498116 60 498884 59 499652 59 500420 59 501187 60 501955 60 502723 60 503491 59 504259 59 505027 59 505794 60 506562 60 507330 60 508098 59 508866 59 509634 59 510401 60 511169 60 511937 60 512705 59 513473 59 514241 59 515008 60 515776 60 516544 60 517312 59 518080 59 518848 59 519615 60 520383 60 521151 60 521919 59 522687 59 523455 59 524222 60 524990 60 525758 60 526526 59 527298 55 528072 49 528846 43 529621 36 530395 30 531169 23 531944 16 532718 10 533492 4
00e603959.jpg,460385 3 461153 7 461921 9 462688 10 463456 10 464224 9 464992 9 465759 10 466527 10 467295 9 468063 9 468830 10 469598 10 470366 9 471134 9 471901 10 472669 10 473437 9 474205 9 474972 10 475740 10 476508 9 477276 9 478044 9 478811 10 479579 10 480347 9 481115 9 481882 10 482650 10 483418 9 484186 9 484953 10 485721 10 486489 9 487257 9 488024 10 488792 10 489560 9 490328 9 491095 10 491863 10 492631 9 493402 6 494174 2
